ID;Produit;Categorie;Prix USD;Prix CDF;Stock
42;Air Force 1;Nike / Jordan;$11.00;30,800;96
103;Air Force 1;Nike / Jordan;$11.00;30,800;100
164;Air Force 1;Nike / Jordan;$11.00;30,800;100
43;Air Max 1;Nike / Jordan;$15.00;42,000;99
104;Air Max 1;Nike / Jordan;$15.00;42,000;100
165;Air Max 1;Nike / Jordan;$15.00;42,000;100
44;Air Max 90;Nike / Jordan;$15.00;42,000;98
105;Air Max 90;Nike / Jordan;$15.00;42,000;100
166;Air Max 90;Nike / Jordan;$15.00;42,000;100
45;Air Max 95;Nike / Jordan;$15.00;42,000;100
106;Air Max 95;Nike / Jordan;$15.00;42,000;100
167;Air Max 95;Nike / Jordan;$15.00;42,000;100
46;Air Max 97;Nike / Jordan;$15.00;42,000;95
107;Air Max 97;Nike / Jordan;$15.00;42,000;100
168;Air Max 97;Nike / Jordan;$15.00;42,000;100
59;Asixe;Autres;$16.00;44,800;94
120;Asixe;Autres;$16.00;44,800;100
181;Asixe;Autres;$16.00;44,800;100
15;Botte a plateforme;Bottes et bottines;$17.00;47,600;98
76;Botte a plateforme;Bottes et bottines;$17.00;47,600;100
137;Botte a plateforme;Bottes et bottines;$17.00;47,600;100
10;Botte d'equitation;Bottes et bottines;$17.00;47,600;100
71;Botte d'equitation;Bottes et bottines;$17.00;47,600;100
132;Botte d'equitation;Bottes et bottines;$17.00;47,600;100
4;Botte de cowboy / Santiag;Bottes et bottines;$17.00;47,600;98
65;Botte de cowboy / Santiag;Bottes et bottines;$17.00;47,600;100
126;Botte de cowboy / Santiag;Bottes et bottines;$17.00;47,600;100
9;Botte de moto;Bottes et bottines;$17.00;47,600;100
70;Botte de moto;Bottes et bottines;$17.00;47,600;100
131;Botte de moto;Bottes et bottines;$17.00;47,600;100
12;Botte de neige;Bottes et bottines;$17.00;47,600;100
73;Botte de neige;Bottes et bottines;$17.00;47,600;100
134;Botte de neige;Bottes et bottines;$17.00;47,600;100
6;Botte de pluie / Wellington;Bottes et bottines;$17.00;47,600;100
67;Botte de pluie / Wellington;Bottes et bottines;$17.00;47,600;100
128;Botte de pluie / Wellington;Bottes et bottines;$17.00;47,600;100
7;Botte de randonnee;Bottes et bottines;$17.00;47,600;99
68;Botte de randonnee;Bottes et bottines;$17.00;47,600;100
129;Botte de randonnee;Bottes et bottines;$17.00;47,600;100
11;Botte de ski;Bottes et bottines;$17.00;47,600;100
72;Botte de ski;Bottes et bottines;$17.00;47,600;100
133;Botte de ski;Bottes et bottines;$17.00;47,600;100
8;Botte de travail;Bottes et bottines;$17.00;47,600;98
69;Botte de travail;Bottes et bottines;$17.00;47,600;100
130;Botte de travail;Bottes et bottines;$17.00;47,600;100
14;Botte haute;Bottes et bottines;$17.00;47,600;100
75;Botte haute;Bottes et bottines;$17.00;47,600;100
136;Botte haute;Bottes et bottines;$17.00;47,600;100
5;Botte militaire / combat;Bottes et bottines;$17.00;47,600;100
66;Botte militaire / combat;Bottes et bottines;$17.00;47,600;100
127;Botte militaire / combat;Bottes et bottines;$17.00;47,600;100
54;Campus;Adidas;$10.00;28,000;96
115;Campus;Adidas;$10.00;28,000;100
176;Campus;Adidas;$10.00;28,000;100
1;Chelsea;Bottes et bottines;$17.00;47,600;100
62;Chelsea;Bottes et bottines;$17.00;47,600;100
123;Chelsea;Bottes et bottines;$17.00;47,600;100
2;Chukka;Bottes et bottines;$17.00;47,600;100
63;Chukka;Bottes et bottines;$17.00;47,600;100
124;Chukka;Bottes et bottines;$17.00;47,600;100
18;Claquette / slide;Sandales;$9.00;25,200;99
79;Claquette / slide;Sandales;$9.00;25,200;100
140;Claquette / slide;Sandales;$9.00;25,200;100
13;Cuissarde;Bottes et bottines;$17.00;47,600;100
74;Cuissarde;Bottes et bottines;$17.00;47,600;100
135;Cuissarde;Bottes et bottines;$17.00;47,600;100
49;DN;Nike / Jordan;$17.00;47,600;95
110;DN;Nike / Jordan;$17.00;47,600;100
171;DN;Nike / Jordan;$17.00;47,600;100
16;Demi Botte;Bottes et bottines;$17.00;47,600;92
77;Demi Botte;Bottes et bottines;$17.00;47,600;100
138;Demi Botte;Bottes et bottines;$17.00;47,600;100
3;Desert boots;Bottes et bottines;$17.00;47,600;100
64;Desert boots;Bottes et bottines;$17.00;47,600;100
125;Desert boots;Bottes et bottines;$17.00;47,600;100
53;Gazelle;Adidas;$17.00;47,600;100
114;Gazelle;Adidas;$17.00;47,600;100
175;Gazelle;Adidas;$17.00;47,600;100
58;J.M Weston;Autres;$25.00;70,000;100
119;J.M Weston;Autres;$25.00;70,000;100
180;J.M Weston;Autres;$25.00;70,000;100
35;Jordan 1;Nike / Jordan;$16.00;44,800;100
96;Jordan 1;Nike / Jordan;$16.00;44,800;100
157;Jordan 1;Nike / Jordan;$16.00;44,800;100
40;Jordan 11;Nike / Jordan;$16.00;44,800;100
101;Jordan 11;Nike / Jordan;$16.00;44,800;100
162;Jordan 11;Nike / Jordan;$16.00;44,800;100
41;Jordan 12;Nike / Jordan;$16.00;44,800;100
102;Jordan 12;Nike / Jordan;$16.00;44,800;100
163;Jordan 12;Nike / Jordan;$16.00;44,800;100
36;Jordan 3;Nike / Jordan;$16.00;44,800;100
97;Jordan 3;Nike / Jordan;$16.00;44,800;100
158;Jordan 3;Nike / Jordan;$16.00;44,800;100
37;Jordan 4;Nike / Jordan;$16.00;44,800;100
98;Jordan 4;Nike / Jordan;$16.00;44,800;100
159;Jordan 4;Nike / Jordan;$16.00;44,800;100
38;Jordan 5;Nike / Jordan;$16.00;44,800;100
99;Jordan 5;Nike / Jordan;$16.00;44,800;100
160;Jordan 5;Nike / Jordan;$16.00;44,800;100
39;Jordan 6;Nike / Jordan;$16.00;44,800;100
100;Jordan 6;Nike / Jordan;$16.00;44,800;100
161;Jordan 6;Nike / Jordan;$16.00;44,800;100
57;Mocassin base;Autres;$14.00;39,200;100
118;Mocassin base;Autres;$14.00;39,200;100
179;Mocassin base;Autres;$14.00;39,200;100
56;Mocassin moyenne;Autres;$16.00;44,800;100
117;Mocassin moyenne;Autres;$16.00;44,800;100
178;Mocassin moyenne;Autres;$16.00;44,800;100
55;Mocassin pro;Autres;$17.00;47,600;100
116;Mocassin pro;Autres;$17.00;47,600;100
177;Mocassin pro;Autres;$17.00;47,600;100
47;Mocoto;Nike / Jordan;$25.00;70,000;100
108;Mocoto;Nike / Jordan;$25.00;70,000;100
169;Mocoto;Nike / Jordan;$25.00;70,000;100
61;New Balance;Autres;$17.00;47,600;100
122;New Balance;Autres;$17.00;47,600;100
183;New Balance;Autres;$17.00;47,600;100
52;Samba;Adidas;$17.00;47,600;100
113;Samba;Adidas;$17.00;47,600;100
174;Samba;Adidas;$17.00;47,600;100
25;Sandale Fisherman;Sandales;$9.00;25,200;100
86;Sandale Fisherman;Sandales;$9.00;25,200;100
147;Sandale Fisherman;Sandales;$9.00;25,200;100
24;Sandale T-strap;Sandales;$9.00;25,200;100
85;Sandale T-strap;Sandales;$9.00;25,200;100
146;Sandale T-strap;Sandales;$9.00;25,200;100
23;Sandale a brides;Sandales;$9.00;25,200;100
84;Sandale a brides;Sandales;$9.00;25,200;100
145;Sandale a brides;Sandales;$9.00;25,200;100
29;Sandale a plateforme;Sandales;$9.00;25,200;100
90;Sandale a plateforme;Sandales;$9.00;25,200;100
151;Sandale a plateforme;Sandales;$9.00;25,200;100
30;Sandale a semelle compensee;Sandales;$9.00;25,200;100
91;Sandale a semelle compensee;Sandales;$9.00;25,200;100
152;Sandale a semelle compensee;Sandales;$9.00;25,200;100
20;Sandale a talon;Sandales;$9.00;25,200;100
81;Sandale a talon;Sandales;$9.00;25,200;100
142;Sandale a talon;Sandales;$9.00;25,200;100
32;Sandale barefoot;Sandales;$9.00;25,200;100
93;Sandale barefoot;Sandales;$9.00;25,200;100
154;Sandale barefoot;Sandales;$9.00;25,200;100
21;Sandale compensee;Sandales;$9.00;25,200;100
82;Sandale compensee;Sandales;$9.00;25,200;100
143;Sandale compensee;Sandales;$9.00;25,200;100
28;Sandale de plage;Sandales;$9.00;25,200;100
89;Sandale de plage;Sandales;$9.00;25,200;100
150;Sandale de plage;Sandales;$9.00;25,200;100
27;Sandale de randonnee;Sandales;$9.00;25,200;100
88;Sandale de randonnee;Sandales;$9.00;25,200;100
149;Sandale de randonnee;Sandales;$9.00;25,200;100
22;Sandale gladiateur;Sandales;$9.00;25,200;100
83;Sandale gladiateur;Sandales;$9.00;25,200;100
144;Sandale gladiateur;Sandales;$9.00;25,200;100
31;Sandale minimaliste;Sandales;$9.00;25,200;100
92;Sandale minimaliste;Sandales;$9.00;25,200;100
153;Sandale minimaliste;Sandales;$9.00;25,200;100
19;Sandale plate;Sandales;$9.00;25,200;100
80;Sandale plate;Sandales;$9.00;25,200;100
141;Sandale plate;Sandales;$9.00;25,200;100
26;Sandale romaine;Sandales;$9.00;25,200;100
87;Sandale romaine;Sandales;$9.00;25,200;100
148;Sandale romaine;Sandales;$9.00;25,200;100
34;Sandalle base talo;Sandales;$7.50;21,000;100
95;Sandalle base talo;Sandales;$7.50;21,000;100
156;Sandalle base talo;Sandales;$7.50;21,000;100
33;Sandalle haut talo;Sandales;$9.00;25,200;100
94;Sandalle haut talo;Sandales;$9.00;25,200;100
155;Sandalle haut talo;Sandales;$9.00;25,200;100
51;Stan Smith;Adidas;$15.00;42,000;100
112;Stan Smith;Adidas;$15.00;42,000;100
173;Stan Smith;Adidas;$15.00;42,000;100
50;Superstar;Adidas;$15.00;42,000;100
111;Superstar;Adidas;$15.00;42,000;100
172;Superstar;Adidas;$15.00;42,000;100
48;TN;Nike / Jordan;$17.00;47,600;100
109;TN;Nike / Jordan;$17.00;47,600;100
170;TN;Nike / Jordan;$17.00;47,600;100
17;Tong / flip-flop;Sandales;$9.00;25,200;100
78;Tong / flip-flop;Sandales;$9.00;25,200;100
139;Tong / flip-flop;Sandales;$9.00;25,200;100
60;Vans;Autres;$10.00;28,000;100
121;Vans;Autres;$10.00;28,000;100
182;Vans;Autres;$10.00;28,000;100
